-- Vendor
insert into `vendor` (`id`, `createTime`, `createUser`, `identification`, `name`, `updateTime`, `updateUser`) VALUES (NULL, '2023-05-27 17:13:42', 'Miguel', '1061', 'Andres', '2023-05-27 17:13:42', NULL);

-- Modality
INSERT INTO `modality` (`ID`, `NAME`, `DESCRIPTION`, `EXTERNALCODE`, `CREATETIME`, `CREATEUSER`, `UPDATETIME`, `UPDATEUSER`) VALUES (1, 'Inferior o Igual a 100 SMLMV', NULL, 'PVRM1', '2023-05-28 00:00:00', 'cargue.inicial', '2023-05-28 00:00:00', 'cargue.inicial'),(2, 'Mayores a 100 SMLMV', NULL, 'PVRM2', '2023-05-28 00:00:00', 'cargue.inicial', '2023-05-28 00:00:00', 'cargue.inicial');

-- ContractTyp
INSERT INTO `contracttype` (`ID`, `NAME`, `DESCRIPTION`, `EXTERNALCODE`, `CREATETIME`, `CREATEUSER`, `UPDATETIME`, `UPDATEUSER`) VALUES (1, 'Prestación de Servicio', NULL, 'PVRTC1', '2023-05-29 03:37:20', 'cargue.inicial', '2023-05-29 03:37:20', 'cargue.inicial');
INSERT INTO `contracttype` (`ID`, `NAME`, `DESCRIPTION`, `EXTERNALCODE`, `CREATETIME`, `CREATEUSER`, `UPDATETIME`, `UPDATEUSER`) VALUES (2, 'Suministro', NULL, 'PVRTC2', '2023-05-29 03:37:20', 'cargue.inicial', '2023-05-29 03:37:20', 'cargue.inicial');
INSERT INTO `contracttype` (`ID`, `NAME`, `DESCRIPTION`, `EXTERNALCODE`, `CREATETIME`, `CREATEUSER`, `UPDATETIME`, `UPDATEUSER`) VALUES (3, 'Obra de Inferior', NULL, 'PVRTC3', '2023-05-29 03:37:20', 'cargue.inicial', '2023-05-29 03:37:20', 'cargue.inicial');
INSERT INTO `contracttype` (`ID`, `NAME`, `DESCRIPTION`, `EXTERNALCODE`, `CREATETIME`, `CREATEUSER`, `UPDATETIME`, `UPDATEUSER`) VALUES (4, 'Suministro y Compraventa', NULL, 'PVRTC4', '2023-05-29 03:37:20', 'cargue.inicial', '2023-05-29 03:37:20', 'cargue.inicial');
--insert into `contracttype` (`id`, `createTime`, `createUser`, `description`, `externalCode`, `name`, `updateTime`, `updateUser`) VALUES (NULL, '2023-05-27 18:26:17', 'Miguel', 'Contratos de prestación de servicios', '123P', 'Prestación de Servicios', '2023-05-27 18:26:17', NULL);
-- ContractualDocument
INSERT INTO `contractualdocument` (`ID`, `CONTRACTUALDOCUMENTTYPE`, `MODALITYCONTRACTTYPE`, `DESCRIPTION`, `ISREQUIRED`, `SUBDIRECTORY`, `SUBTYPE`, `ORDERING`, `CREATETIME`, `CREATEUSER`, `UPDATETIME`, `UPDATEUSER`) VALUES(1, 1, 1, NULL, 1, 0, 0, 1, '2023-05-29 00:00:00', 'cargue.inicial', '2023-05-29 00:00:00', 'cargue.inicial'),(2, 2, 1, NULL, 0, 0, 0, 2, '2023-05-29 00:00:00', 'cargue.inicial', '2023-05-29 00:00:00', 'cargue.inicial'),(3, 3, 1, NULL, 0, 0, 0, 3, '2023-05-29 00:00:00', 'cargue.inicial', '2023-05-29 00:00:00', 'cargue.inicial'),(4, 4, 1, NULL, 0, 0, 0, 4, '2023-05-29 00:00:00', 'cargue.inicial', '2023-05-29 00:00:00', 'cargue.inicial'),(5, 5, 1, NULL, 0, 0, 0, 5, '2023-05-29 00:00:00', 'cargue.inicial', '2023-05-29 00:00:00', 'cargue.inicial'),(6, 6, 1, NULL, 0, 0, 0, 6, '2023-05-29 00:00:00', 'cargue.inicial', '2023-05-29 00:00:00', 'cargue.inicial'),(7, 7, 1, NULL, 1, 0, 0, 7, '2023-05-29 00:00:00', 'cargue.inicial', '2023-05-29 00:00:00', 'cargue.inicial'),(8, 8, 1, NULL, 0, 0, 0, 8, '2023-05-29 00:00:00', 'cargue.inicial', '2023-05-29 00:00:00', 'cargue.inicial'),(9, 9, 1, NULL, 0, 0, 0, 9, '2023-05-29 00:00:00', 'cargue.inicial', '2023-05-29 00:00:00', 'cargue.inicial'),(10, 10, 1, NULL, 0, 0, 0, 10, '2023-05-29 00:00:00', 'cargue.inicial', '2023-05-29 00:00:00', 'cargue.inicial'),(11, 11, 1, NULL, 0, 0, 0, 11, '2023-05-29 00:00:00', 'cargue.inicial', '2023-05-29 00:00:00', 'cargue.inicial'),(12, 12, 1, NULL, 0, 0, 0, 12, '2023-05-29 00:00:00', 'cargue.inicial', '2023-05-29 00:00:00', 'cargue.inicial'),(13, 13, 1, NULL, 0, 0, 0, 13, '2023-05-29 00:00:00', 'cargue.inicial', '2023-05-29 00:00:00', 'cargue.inicial'),(14, 14, 1, NULL, 0, 0, 1, 14, '2023-05-29 00:00:00', 'cargue.inicial', '2023-05-29 00:00:00', 'cargue.inicial'),(15, 15, 1, NULL, 0, 0, 1, 15, '2023-05-29 00:00:00', 'cargue.inicial', '2023-05-29 00:00:00', 'cargue.inicial'),(16, 16, 1, NULL, 0, 0, 1, 16, '2023-05-29 00:00:00', 'cargue.inicial', '2023-05-29 00:00:00', 'cargue.inicial'),(17, 17, 1, NULL, 1, 0, 1, 17, '2023-05-29 00:00:00', 'cargue.inicial', '2023-05-29 00:00:00', 'cargue.inicial'),(18, 18, 1, NULL, 1, 0, 1, 18, '2023-05-29 00:00:00', 'cargue.inicial', '2023-05-29 00:00:00', 'cargue.inicial'),(19, 19, 1, NULL, 0, 0, 1, 19, '2023-05-29 00:00:00', 'cargue.inicial', '2023-05-29 00:00:00', 'cargue.inicial'),(20, 20, 1, NULL, 1, 0, 1, 20, '2023-05-29 00:00:00', 'cargue.inicial', '2023-05-29 00:00:00', 'cargue.inicial'),(21, 21, 1, NULL, 1, 0, 1, 21, '2023-05-29 00:00:00', 'cargue.inicial', '2023-05-29 00:00:00', 'cargue.inicial'),(22, 22, 1, NULL, 1, 0, 1, 22, '2023-05-29 00:00:00', 'cargue.inicial', '2023-05-29 00:00:00', 'cargue.inicial'),(23, 23, 1, NULL, 1, 0, 1, 23, '2023-05-29 00:00:00', 'cargue.inicial', '2023-05-29 00:00:00', 'cargue.inicial'),(24, 24, 1, NULL, 1, 0, 1, 24, '2023-05-29 00:00:00', 'cargue.inicial', '2023-05-29 00:00:00', 'cargue.inicial'),(25, 25, 1, NULL, 1, 0, 1, 25, '2023-05-29 00:00:00', 'cargue.inicial', '2023-05-29 00:00:00', 'cargue.inicial'),(26, 26, 1, NULL, 1, 0, 1, 26, '2023-05-29 00:00:00', 'cargue.inicial', '2023-05-29 00:00:00', 'cargue.inicial'),(27, 27, 1, NULL, 1, 0, 1, 27, '2023-05-29 00:00:00', 'cargue.inicial', '2023-05-29 00:00:00', 'cargue.inicial'),(28, 28, 1, NULL, 1, 0, 1, 28, '2023-05-29 00:00:00', 'cargue.inicial', '2023-05-29 00:00:00', 'cargue.inicial'),(29, 29, 1, NULL, 0, 0, 1, 29, '2023-05-29 00:00:00', 'cargue.inicial', '2023-05-29 00:00:00', 'cargue.inicial'),(30, 30, 1, NULL, 0, 0, 1, 30, '2023-05-29 00:00:00', 'cargue.inicial', '2023-05-29 00:00:00', 'cargue.inicial'),(31, 31, 1, NULL, 1, 0, 2, 31, '2023-05-29 00:00:00', 'cargue.inicial', '2023-05-29 00:00:00', 'cargue.inicial'),(32, 32, 1, NULL, 0, 0, 3, 32, '2023-05-29 00:00:00', 'cargue.inicial', '2023-05-29 00:00:00', 'cargue.inicial'),(33, 33, 1, NULL, 1, 0, 3, 33, '2023-05-29 00:00:00', 'cargue.inicial', '2023-05-29 00:00:00', 'cargue.inicial'),(34, 34, 1, NULL, 1, 1, 0, 34, '2023-05-29 00:00:00', 'cargue.inicial', '2023-05-29 00:00:00', 'cargue.inicial'),(35, 35, 1, NULL, 1, 1, 0, 35, '2023-05-29 00:00:00', 'cargue.inicial', '2023-05-29 00:00:00', 'cargue.inicial'),(36, 36, 1, NULL, 0, 1, 0, 36, '2023-05-29 00:00:00', 'cargue.inicial', '2023-05-29 00:00:00', 'cargue.inicial'),(37, 37, 1, NULL, 0, 1, 0, 37, '2023-05-29 00:00:00', 'cargue.inicial', '2023-05-29 00:00:00', 'cargue.inicial'),(38, 38, 1, NULL, 0, 1, 0, 38, '2023-05-29 00:00:00', 'cargue.inicial', '2023-05-29 00:00:00', 'cargue.inicial'),(39, 39, 1, NULL, 1, 1, 0, 39, '2023-05-29 00:00:00', 'cargue.inicial', '2023-05-29 00:00:00', 'cargue.inicial'),(40, 40, 1, NULL, 1, 1, 0, 40, '2023-05-29 00:00:00', 'cargue.inicial', '2023-05-29 00:00:00', 'cargue.inicial'),(41, 41, 1, NULL, 1, 1, 0, 41, '2023-05-29 00:00:00', 'cargue.inicial', '2023-05-29 00:00:00', 'cargue.inicial'),(42, 42, 1, NULL, 1, 1, 0, 42, '2023-05-29 00:00:00', 'cargue.inicial', '2023-05-29 00:00:00', 'cargue.inicial'),(43, 43, 1, NULL, 1, 1, 0, 43, '2023-05-29 00:00:00', 'cargue.inicial', '2023-05-29 00:00:00', 'cargue.inicial'),(44, 44, 1, NULL, 1, 1, 0, 44, '2023-05-29 00:00:00', 'cargue.inicial', '2023-05-29 00:00:00', 'cargue.inicial'),(45, 45, 1, NULL, 1, 1, 0, 45, '2023-05-29 00:00:00', 'cargue.inicial', '2023-05-29 00:00:00', 'cargue.inicial'),(46, 46, 1, NULL, 0, 1, 4, 46, '2023-05-29 00:00:00', 'cargue.inicial', '2023-05-29 00:00:00', 'cargue.inicial'),(47, 47, 1, NULL, 0, 1, 4, 47, '2023-05-29 00:00:00', 'cargue.inicial', '2023-05-29 00:00:00', 'cargue.inicial'),(48, 48, 1, NULL, 0, 1, 4, 48, '2023-05-29 00:00:00', 'cargue.inicial', '2023-05-29 00:00:00', 'cargue.inicial'),(49, 49, 1, NULL, 0, 1, 4, 49, '2023-05-29 00:00:00', 'cargue.inicial', '2023-05-29 00:00:00', 'cargue.inicial'),(50, 50, 1, NULL, 0, 1, 4, 50, '2023-05-29 00:00:00', 'cargue.inicial', '2023-05-29 00:00:00', 'cargue.inicial'),(51, 51, 1, NULL, 0, 1, 4, 51, '2023-05-29 00:00:00', 'cargue.inicial', '2023-05-29 00:00:00', 'cargue.inicial'),(52, 52, 1, NULL, 0, 1, 4, 52, '2023-05-29 00:00:00', 'cargue.inicial', '2023-05-29 00:00:00', 'cargue.inicial'),(53, 53, 1, NULL, 0, 1, 5, 53, '2023-05-29 00:00:00', 'cargue.inicial', '2023-05-29 00:00:00', 'cargue.inicial'),(54, 54, 1, NULL, 0, 1, 5, 54, '2023-05-29 00:00:00', 'cargue.inicial', '2023-05-29 00:00:00', 'cargue.inicial'),(55, 55, 1, NULL, 0, 1, 5, 55, '2023-05-29 00:00:00', 'cargue.inicial', '2023-05-29 00:00:00', 'cargue.inicial'),(56, 56, 1, NULL, 0, 1, 5, 56, '2023-05-29 00:00:00', 'cargue.inicial', '2023-05-29 00:00:00', 'cargue.inicial'),(57, 57, 1, NULL, 0, 2, 0, 57, '2023-05-29 00:00:00', 'cargue.inicial', '2023-05-29 00:00:00', 'cargue.inicial'),(58, 58, 1, NULL, 0, 2, 0, 58, '2023-05-29 00:00:00', 'cargue.inicial', '2023-05-29 00:00:00', 'cargue.inicial'),(59, 1, 2, NULL, 1, 0, 0, 1, '2023-05-29 00:00:00', 'cargue.inicial', '2023-05-29 00:00:00', 'cargue.inicial'),(60, 60, 2, NULL, 0, 0, 0, 2, '2023-05-29 00:00:00', 'cargue.inicial', '2023-05-29 00:00:00', 'cargue.inicial'),(61, 61, 2, NULL, 0, 0, 0, 3, '2023-05-29 00:00:00', 'cargue.inicial', '2023-05-29 00:00:00', 'cargue.inicial'),(62, 3, 2, NULL, 0, 0, 0, 4, '2023-05-29 00:00:00', 'cargue.inicial', '2023-05-29 00:00:00', 'cargue.inicial'),(63, 4, 2, NULL, 0, 0, 0, 5, '2023-05-29 00:00:00', 'cargue.inicial', '2023-05-29 00:00:00', 'cargue.inicial'),(64, 62, 2, NULL, 0, 0, 0, 6, '2023-05-29 00:00:00', 'cargue.inicial', '2023-05-29 00:00:00', 'cargue.inicial'),(65, 63, 2, NULL, 0, 0, 0, 7, '2023-05-29 00:00:00', 'cargue.inicial', '2023-05-29 00:00:00', 'cargue.inicial'),(66, 7, 2, NULL, 0, 0, 0, 8, '2023-05-29 00:00:00', 'cargue.inicial', '2023-05-29 00:00:00', 'cargue.inicial'),(67, 8, 2, NULL, 0, 0, 0, 9, '2023-05-29 00:00:00', 'cargue.inicial', '2023-05-29 00:00:00', 'cargue.inicial'),(68, 9, 2, NULL, 0, 0, 0, 10, '2023-05-29 00:00:00', 'cargue.inicial', '2023-05-29 00:00:00', 'cargue.inicial'),(69, 10, 2, NULL, 0, 0, 0, 11, '2023-05-29 00:00:00', 'cargue.inicial', '2023-05-29 00:00:00', 'cargue.inicial'),(70, 11, 2, NULL, 0, 0, 0, 12, '2023-05-29 00:00:00', 'cargue.inicial', '2023-05-29 00:00:00', 'cargue.inicial'),(71, 12, 2, NULL, 1, 0, 0, 13, '2023-05-29 00:00:00', 'cargue.inicial', '2023-05-29 00:00:00', 'cargue.inicial'),(72, 13, 2, NULL, 0, 0, 0, 14, '2023-05-29 00:00:00', 'cargue.inicial', '2023-05-29 00:00:00', 'cargue.inicial'),(73, 30, 2, NULL, 0, 0, 0, 15, '2023-05-29 00:00:00', 'cargue.inicial', '2023-05-29 00:00:00', 'cargue.inicial'),(74, 14, 2, NULL, 0, 0, 1, 16, '2023-05-29 00:00:00', 'cargue.inicial', '2023-05-29 00:00:00', 'cargue.inicial'),(75, 15, 2, NULL, 1, 0, 1, 17, '2023-05-29 00:00:00', 'cargue.inicial', '2023-05-29 00:00:00', 'cargue.inicial'),(76, 64, 2, NULL, 1, 0, 1, 18, '2023-05-29 00:00:00', 'cargue.inicial', '2023-05-29 00:00:00', 'cargue.inicial'),(77, 18, 2, NULL, 1, 0, 1, 19, '2023-05-29 00:00:00', 'cargue.inicial', '2023-05-29 00:00:00', 'cargue.inicial'),(78, 21, 2, NULL, 1, 0, 1, 20, '2023-05-29 00:00:00', 'cargue.inicial', '2023-05-29 00:00:00', 'cargue.inicial'),(79, 22, 2, NULL, 1, 0, 1, 21, '2023-05-29 00:00:00', 'cargue.inicial', '2023-05-29 00:00:00', 'cargue.inicial'),(80, 65, 2, NULL, 1, 0, 1, 22, '2023-05-29 00:00:00', 'cargue.inicial', '2023-05-29 00:00:00', 'cargue.inicial'),(81, 24, 2, NULL, 1, 0, 1, 23, '2023-05-29 00:00:00', 'cargue.inicial', '2023-05-29 00:00:00', 'cargue.inicial'),(82, 25, 2, NULL, 1, 0, 1, 24, '2023-05-29 00:00:00', 'cargue.inicial', '2023-05-29 00:00:00', 'cargue.inicial'),(83, 26, 2, NULL, 1, 0, 1, 25, '2023-05-29 00:00:00', 'cargue.inicial', '2023-05-29 00:00:00', 'cargue.inicial'),(84, 27, 2, NULL, 1, 0, 1, 26, '2023-05-29 00:00:00', 'cargue.inicial', '2023-05-29 00:00:00', 'cargue.inicial'),(85, 28, 2, NULL, 1, 0, 1, 27, '2023-05-29 00:00:00', 'cargue.inicial', '2023-05-29 00:00:00', 'cargue.inicial'),(86, 29, 2, NULL, 0, 0, 1, 28, '2023-05-29 00:00:00', 'cargue.inicial', '2023-05-29 00:00:00', 'cargue.inicial'),(87, 30, 2, NULL, 0, 0, 1, 29, '2023-05-29 00:00:00', 'cargue.inicial', '2023-05-29 00:00:00', 'cargue.inicial'),(88, 31, 2, NULL, 0, 0, 2, 30, '2023-05-29 00:00:00', 'cargue.inicial', '2023-05-29 00:00:00', 'cargue.inicial'),(89, 32, 2, NULL, 0, 0, 3, 31, '2023-05-29 00:00:00', 'cargue.inicial', '2023-05-29 00:00:00', 'cargue.inicial'),(90, 33, 2, NULL, 1, 0, 3, 32, '2023-05-29 00:00:00', 'cargue.inicial', '2023-05-29 00:00:00', 'cargue.inicial'),(91, 66, 2, NULL, 1, 1, 0, 33, '2023-05-29 00:00:00', 'cargue.inicial', '2023-05-29 00:00:00', 'cargue.inicial'),(92, 35, 2, NULL, 1, 1, 0, 34, '2023-05-29 00:00:00', 'cargue.inicial', '2023-05-29 00:00:00', 'cargue.inicial'),(93, 36, 2, NULL, 0, 1, 0, 35, '2023-05-29 00:00:00', 'cargue.inicial', '2023-05-29 00:00:00', 'cargue.inicial'),(94, 37, 2, NULL, 0, 1, 0, 36, '2023-05-29 00:00:00', 'cargue.inicial', '2023-05-29 00:00:00', 'cargue.inicial'),(95, 38, 2, NULL, 0, 1, 0, 37, '2023-05-29 00:00:00', 'cargue.inicial', '2023-05-29 00:00:00', 'cargue.inicial'),(96, 39, 2, NULL, 1, 1, 0, 38, '2023-05-29 00:00:00', 'cargue.inicial', '2023-05-29 00:00:00', 'cargue.inicial'),(97, 40, 2, NULL, 1, 1, 0, 39, '2023-05-29 00:00:00', 'cargue.inicial', '2023-05-29 00:00:00', 'cargue.inicial'),(98, 67, 2, NULL, 0, 1, 0, 40, '2023-05-29 00:00:00', 'cargue.inicial', '2023-05-29 00:00:00', 'cargue.inicial'),(99, 41, 2, NULL, 1, 1, 0, 41, '2023-05-29 00:00:00', 'cargue.inicial', '2023-05-29 00:00:00', 'cargue.inicial'),(100, 68, 2, NULL, 1, 1, 0, 42, '2023-05-29 00:00:00', 'cargue.inicial', '2023-05-29 00:00:00', 'cargue.inicial'),(101, 43, 2, NULL, 1, 1, 0, 43, '2023-05-29 00:00:00', 'cargue.inicial', '2023-05-29 00:00:00', 'cargue.inicial'),(102, 44, 2, NULL, 1, 1, 0, 44, '2023-05-29 00:00:00', 'cargue.inicial', '2023-05-29 00:00:00', 'cargue.inicial'),(103, 45, 2, NULL, 1, 1, 0, 45, '2023-05-29 00:00:00', 'cargue.inicial', '2023-05-29 00:00:00', 'cargue.inicial'),(104, 47, 2, NULL, 0, 1, 4, 46, '2023-05-29 00:00:00', 'cargue.inicial', '2023-05-29 00:00:00', 'cargue.inicial'),(105, 48, 2, NULL, 0, 1, 4, 47, '2023-05-29 00:00:00', 'cargue.inicial', '2023-05-29 00:00:00', 'cargue.inicial'),(106, 49, 2, NULL, 0, 1, 4, 48, '2023-05-29 00:00:00', 'cargue.inicial', '2023-05-29 00:00:00', 'cargue.inicial'),(107, 50, 2, NULL, 0, 1, 4, 49, '2023-05-29 00:00:00', 'cargue.inicial', '2023-05-29 00:00:00', 'cargue.inicial'),(108, 51, 2, NULL, 0, 1, 4, 50, '2023-05-29 00:00:00', 'cargue.inicial', '2023-05-29 00:00:00', 'cargue.inicial'),(109, 52, 2, NULL, 0, 1, 4, 51, '2023-05-29 00:00:00', 'cargue.inicial', '2023-05-29 00:00:00', 'cargue.inicial'),(110, 53, 2, NULL, 0, 1, 5, 52, '2023-05-29 00:00:00', 'cargue.inicial', '2023-05-29 00:00:00', 'cargue.inicial'),(111, 54, 2, NULL, 0, 1, 5, 53, '2023-05-29 00:00:00', 'cargue.inicial', '2023-05-29 00:00:00', 'cargue.inicial'),(112, 55, 2, NULL, 0, 1, 5, 54, '2023-05-29 00:00:00', 'cargue.inicial', '2023-05-29 00:00:00', 'cargue.inicial'),(113, 56, 2, NULL, 0, 1, 5, 55, '2023-05-29 00:00:00', 'cargue.inicial', '2023-05-29 00:00:00', 'cargue.inicial'),(114, 57, 2, NULL, 0, 2, 0, 56, '2023-05-29 00:00:00', 'cargue.inicial', '2023-05-29 00:00:00', 'cargue.inicial'),(115, 58, 2, NULL, 0, 2, 0, 57, '2023-05-29 00:00:00', 'cargue.inicial', '2023-05-29 00:00:00', 'cargue.inicial'),(116, 1, 3, NULL, 1, 0, 0, 1, '2023-05-29 00:00:00', 'cargue.inicial', '2023-05-29 00:00:00', 'cargue.inicial'),(117, 72, 3, NULL, 0, 0, 0, 2, '2023-05-29 00:00:00', 'cargue.inicial', '2023-05-29 00:00:00', 'cargue.inicial'),(118, 3, 3, NULL, 0, 0, 0, 3, '2023-05-29 00:00:00', 'cargue.inicial', '2023-05-29 00:00:00', 'cargue.inicial'),(119, 4, 3, NULL, 0, 0, 0, 4, '2023-05-29 00:00:00', 'cargue.inicial', '2023-05-29 00:00:00', 'cargue.inicial'),(120, 73, 3, NULL, 1, 0, 0, 5, '2023-05-29 00:00:00', 'cargue.inicial', '2023-05-29 00:00:00', 'cargue.inicial'),(121, 74, 3, NULL, 1, 0, 0, 6, '2023-05-29 00:00:00', 'cargue.inicial', '2023-05-29 00:00:00', 'cargue.inicial'),(122, 75, 3, NULL, 0, 0, 0, 7, '2023-05-29 00:00:00', 'cargue.inicial', '2023-05-29 00:00:00', 'cargue.inicial'),(123, 76, 3, NULL, 1, 0, 0, 8, '2023-05-29 00:00:00', 'cargue.inicial', '2023-05-29 00:00:00', 'cargue.inicial'),(124, 77, 3, NULL, 1, 0, 0, 9, '2023-05-29 00:00:00', 'cargue.inicial', '2023-05-29 00:00:00', 'cargue.inicial'),(125, 7, 3, NULL, 1, 0, 0, 10, '2023-05-29 00:00:00', 'cargue.inicial', '2023-05-29 00:00:00', 'cargue.inicial'),(126, 8, 3, NULL, 0, 0, 0, 11, '2023-05-29 00:00:00', 'cargue.inicial', '2023-05-29 00:00:00', 'cargue.inicial'),(127, 9, 3, NULL, 0, 0, 0, 12, '2023-05-29 00:00:00', 'cargue.inicial', '2023-05-29 00:00:00', 'cargue.inicial'),(128, 10, 3, NULL, 0, 0, 0, 13, '2023-05-29 00:00:00', 'cargue.inicial', '2023-05-29 00:00:00', 'cargue.inicial'),(129, 11, 3, NULL, 0, 0, 0, 14, '2023-05-29 00:00:00', 'cargue.inicial', '2023-05-29 00:00:00', 'cargue.inicial'),(130, 12, 3, NULL, 0, 0, 0, 15, '2023-05-29 00:00:00', 'cargue.inicial', '2023-05-29 00:00:00', 'cargue.inicial'),(131, 13, 3, NULL, 0, 0, 0, 16, '2023-05-29 00:00:00', 'cargue.inicial', '2023-05-29 00:00:00', 'cargue.inicial'),(132, 14, 3, NULL, 0, 0, 1, 17, '2023-05-29 00:00:00', 'cargue.inicial', '2023-05-29 00:00:00', 'cargue.inicial'),(133, 15, 3, NULL, 1, 0, 1, 18, '2023-05-29 00:00:00', 'cargue.inicial', '2023-05-29 00:00:00', 'cargue.inicial'),(134, 64, 3, NULL, 1, 0, 1, 19, '2023-05-29 00:00:00', 'cargue.inicial', '2023-05-29 00:00:00', 'cargue.inicial'),(135, 18, 3, NULL, 1, 0, 1, 20, '2023-05-29 00:00:00', 'cargue.inicial', '2023-05-29 00:00:00', 'cargue.inicial'),(136, 21, 3, NULL, 1, 0, 1, 21, '2023-05-29 00:00:00', 'cargue.inicial', '2023-05-29 00:00:00', 'cargue.inicial'),(137, 22, 3, NULL, 0, 0, 1, 22, '2023-05-29 00:00:00', 'cargue.inicial', '2023-05-29 00:00:00', 'cargue.inicial'),(138, 65, 3, NULL, 1, 0, 1, 23, '2023-05-29 00:00:00', 'cargue.inicial', '2023-05-29 00:00:00', 'cargue.inicial'),(139, 24, 3, NULL, 0, 0, 1, 24, '2023-05-29 00:00:00', 'cargue.inicial', '2023-05-29 00:00:00', 'cargue.inicial'),(140, 25, 3, NULL, 0, 0, 1, 25, '2023-05-29 00:00:00', 'cargue.inicial', '2023-05-29 00:00:00', 'cargue.inicial'),(141, 26, 3, NULL, 0, 0, 1, 26, '2023-05-29 00:00:00', 'cargue.inicial', '2023-05-29 00:00:00', 'cargue.inicial'),(142, 27, 3, NULL, 0, 0, 1, 27, '2023-05-29 00:00:00', 'cargue.inicial', '2023-05-29 00:00:00', 'cargue.inicial'),(143, 28, 3, NULL, 0, 0, 1, 28, '2023-05-29 00:00:00', 'cargue.inicial', '2023-05-29 00:00:00', 'cargue.inicial'),(144, 29, 3, NULL, 0, 0, 1, 29, '2023-05-29 00:00:00', 'cargue.inicial', '2023-05-29 00:00:00', 'cargue.inicial'),(145, 30, 3, NULL, 0, 0, 1, 30, '2023-05-29 00:00:00', 'cargue.inicial', '2023-05-29 00:00:00', 'cargue.inicial'),(146, 78, 3, NULL, 0, 0, 2, 31, '2023-05-29 00:00:00', 'cargue.inicial', '2023-05-29 00:00:00', 'cargue.inicial'),(147, 32, 3, NULL, 0, 0, 3, 32, '2023-05-29 00:00:00', 'cargue.inicial', '2023-05-29 00:00:00', 'cargue.inicial'),(148, 33, 3, NULL, 1, 0, 3, 33, '2023-05-29 00:00:00', 'cargue.inicial', '2023-05-29 00:00:00', 'cargue.inicial'),(149, 79, 3, NULL, 1, 1, 0, 34, '2023-05-29 00:00:00', 'cargue.inicial', '2023-05-29 00:00:00', 'cargue.inicial'),(150, 35, 3, NULL, 1, 1, 0, 35, '2023-05-29 00:00:00', 'cargue.inicial', '2023-05-29 00:00:00', 'cargue.inicial'),(151, 36, 3, NULL, 0, 1, 0, 36, '2023-05-29 00:00:00', 'cargue.inicial', '2023-05-29 00:00:00', 'cargue.inicial'),(152, 37, 3, NULL, 0, 1, 0, 37, '2023-05-29 00:00:00', 'cargue.inicial', '2023-05-29 00:00:00', 'cargue.inicial'),(153, 38, 3, NULL, 0, 1, 0, 38, '2023-05-29 00:00:00', 'cargue.inicial', '2023-05-29 00:00:00', 'cargue.inicial'),(154, 39, 3, NULL, 1, 1, 0, 39, '2023-05-29 00:00:00', 'cargue.inicial', '2023-05-29 00:00:00', 'cargue.inicial'),(155, 40, 3, NULL, 1, 1, 0, 40, '2023-05-29 00:00:00', 'cargue.inicial', '2023-05-29 00:00:00', 'cargue.inicial'),(156, 67, 3, NULL, 0, 1, 0, 41, '2023-05-29 00:00:00', 'cargue.inicial', '2023-05-29 00:00:00', 'cargue.inicial'),(157, 41, 3, NULL, 1, 1, 0, 42, '2023-05-29 00:00:00', 'cargue.inicial', '2023-05-29 00:00:00', 'cargue.inicial'),(158, 68, 3, NULL, 1, 1, 0, 43, '2023-05-29 00:00:00', 'cargue.inicial', '2023-05-29 00:00:00', 'cargue.inicial'),(159, 69, 3, NULL, 1, 1, 0, 44, '2023-05-29 00:00:00', 'cargue.inicial', '2023-05-29 00:00:00', 'cargue.inicial'),(160, 44, 3, NULL, 1, 1, 0, 45, '2023-05-29 00:00:00', 'cargue.inicial', '2023-05-29 00:00:00', 'cargue.inicial'),(161, 45, 3, NULL, 1, 1, 0, 46, '2023-05-29 00:00:00', 'cargue.inicial', '2023-05-29 00:00:00', 'cargue.inicial'),(162, 46, 3, NULL, 0, 1, 4, 47, '2023-05-29 00:00:00', 'cargue.inicial', '2023-05-29 00:00:00', 'cargue.inicial'),(163, 47, 3, NULL, 0, 1, 4, 48, '2023-05-29 00:00:00', 'cargue.inicial', '2023-05-29 00:00:00', 'cargue.inicial'),(164, 51, 3, NULL, 1, 1, 4, 49, '2023-05-29 00:00:00', 'cargue.inicial', '2023-05-29 00:00:00', 'cargue.inicial'),(165, 52, 3, NULL, 0, 1, 4, 50, '2023-05-29 00:00:00', 'cargue.inicial', '2023-05-29 00:00:00', 'cargue.inicial'),(166, 53, 3, NULL, 0, 1, 5, 51, '2023-05-29 00:00:00', 'cargue.inicial', '2023-05-29 00:00:00', 'cargue.inicial'),(167, 54, 3, NULL, 0, 1, 5, 52, '2023-05-29 00:00:00', 'cargue.inicial', '2023-05-29 00:00:00', 'cargue.inicial'),(168, 55, 3, NULL, 0, 1, 5, 53, '2023-05-29 00:00:00', 'cargue.inicial', '2023-05-29 00:00:00', 'cargue.inicial'),(169, 56, 3, NULL, 0, 1, 5, 54, '2023-05-29 00:00:00', 'cargue.inicial', '2023-05-29 00:00:00', 'cargue.inicial'),(170, 57, 3, NULL, 0, 2, 0, 55, '2023-05-29 00:00:00', 'cargue.inicial', '2023-05-29 00:00:00', 'cargue.inicial'),(171, 58, 3, NULL, 0, 2, 0, 56, '2023-05-29 00:00:00', 'cargue.inicial', '2023-05-29 00:00:00', 'cargue.inicial'),(172, 81, 4, NULL, 1, 0, 0, 1, '2023-05-29 00:00:00', 'cargue.inicial', '2023-05-29 00:00:00', 'cargue.inicial'),(173, 82, 4, NULL, 1, 0, 0, 2, '2023-05-29 00:00:00', 'cargue.inicial', '2023-05-29 00:00:00', 'cargue.inicial'),(174, 3, 4, NULL, 1, 0, 0, 3, '2023-05-29 00:00:00', 'cargue.inicial', '2023-05-29 00:00:00', 'cargue.inicial'),(175, 4, 4, NULL, 1, 0, 0, 4, '2023-05-29 00:00:00', 'cargue.inicial', '2023-05-29 00:00:00', 'cargue.inicial'),(176, 83, 4, NULL, 1, 0, 0, 5, '2023-05-29 00:00:00', 'cargue.inicial', '2023-05-29 00:00:00', 'cargue.inicial'),(177, 84, 4, NULL, 1, 0, 0, 6, '2023-05-29 00:00:00', 'cargue.inicial', '2023-05-29 00:00:00', 'cargue.inicial'),(178, 85, 4, NULL, 0, 0, 0, 7, '2023-05-29 00:00:00', 'cargue.inicial', '2023-05-29 00:00:00', 'cargue.inicial'),(179, 86, 4, NULL, 1, 0, 0, 8, '2023-05-29 00:00:00', 'cargue.inicial', '2023-05-29 00:00:00', 'cargue.inicial'),(180, 87, 4, NULL, 1, 0, 0, 9, '2023-05-29 00:00:00', 'cargue.inicial', '2023-05-29 00:00:00', 'cargue.inicial'),(181, 7, 4, NULL, 1, 0, 0, 10, '2023-05-29 00:00:00', 'cargue.inicial', '2023-05-29 00:00:00', 'cargue.inicial'),(182, 88, 4, NULL, 1, 0, 0, 11, '2023-05-29 00:00:00', 'cargue.inicial', '2023-05-29 00:00:00', 'cargue.inicial'),(183, 89, 4, NULL, 0, 0, 0, 12, '2023-05-29 00:00:00', 'cargue.inicial', '2023-05-29 00:00:00', 'cargue.inicial'),(184, 90, 4, NULL, 1, 0, 0, 13, '2023-05-29 00:00:00', 'cargue.inicial', '2023-05-29 00:00:00', 'cargue.inicial'),(185, 91, 4, NULL, 1, 0, 0, 14, '2023-05-29 00:00:00', 'cargue.inicial', '2023-05-29 00:00:00', 'cargue.inicial'),(186, 92, 4, NULL, 1, 0, 0, 15, '2023-05-29 00:00:00', 'cargue.inicial', '2023-05-29 00:00:00', 'cargue.inicial'),(187, 93, 4, NULL, 1, 0, 0, 16, '2023-05-29 00:00:00', 'cargue.inicial', '2023-05-29 00:00:00', 'cargue.inicial'),(188, 94, 4, NULL, 1, 0, 0, 17, '2023-05-29 00:00:00', 'cargue.inicial', '2023-05-29 00:00:00', 'cargue.inicial'),(189, 95, 4, NULL, 1, 0, 0, 18, '2023-05-29 00:00:00', 'cargue.inicial', '2023-05-29 00:00:00', 'cargue.inicial'),(190, 96, 4, NULL, 1, 0, 0, 19, '2023-05-29 00:00:00', 'cargue.inicial', '2023-05-29 00:00:00', 'cargue.inicial'),(191, 97, 4, NULL, 1, 0, 0, 20, '2023-05-29 00:00:00', 'cargue.inicial', '2023-05-29 00:00:00', 'cargue.inicial'),(192, 98, 4, NULL, 1, 1, 0, 21, '2023-05-29 00:00:00', 'cargue.inicial', '2023-05-29 00:00:00', 'cargue.inicial'),(193, 35, 4, NULL, 1, 1, 0, 22, '2023-05-29 00:00:00', 'cargue.inicial', '2023-05-29 00:00:00', 'cargue.inicial'),(194, 99, 4, NULL, 1, 1, 0, 23, '2023-05-29 00:00:00', 'cargue.inicial', '2023-05-29 00:00:00', 'cargue.inicial'),(195, 101, 4, NULL, 1, 1, 0, 24, '2023-05-29 00:00:00', 'cargue.inicial', '2023-05-29 00:00:00', 'cargue.inicial'),(196, 102, 4, NULL, 0, 1, 0, 25, '2023-05-29 00:00:00', 'cargue.inicial', '2023-05-29 00:00:00', 'cargue.inicial'),(197, 40, 4, NULL, 1, 1, 0, 26, '2023-05-29 00:00:00', 'cargue.inicial', '2023-05-29 00:00:00', 'cargue.inicial'),(198, 67, 4, NULL, 0, 1, 0, 27, '2023-05-29 00:00:00', 'cargue.inicial', '2023-05-29 00:00:00', 'cargue.inicial'),(199, 104, 4, NULL, 1, 1, 0, 28, '2023-05-29 00:00:00', 'cargue.inicial', '2023-05-29 00:00:00', 'cargue.inicial'),(200, 105, 4, NULL, 0, 1, 0, 29, '2023-05-29 00:00:00', 'cargue.inicial', '2023-05-29 00:00:00', 'cargue.inicial'),(201, 49, 4, NULL, 0, 1, 0, 30, '2023-05-29 00:00:00', 'cargue.inicial', '2023-05-29 00:00:00', 'cargue.inicial'),(202, 107, 4, NULL, 0, 1, 0, 31, '2023-05-29 00:00:00', 'cargue.inicial', '2023-05-29 00:00:00', 'cargue.inicial'),(203, 108, 4, NULL, 0, 1, 0, 32, '2023-05-29 00:00:00', 'cargue.inicial', '2023-05-29 00:00:00', 'cargue.inicial'),(204, 109, 4, NULL, 0, 1, 0, 33, '2023-05-29 00:00:00', 'cargue.inicial', '2023-05-29 00:00:00', 'cargue.inicial'),(205, 110, 4, NULL, 0, 1, 0, 34, '2023-05-29 00:00:00', 'cargue.inicial', '2023-05-29 00:00:00', 'cargue.inicial'),(206, 111, 4, NULL, 0, 1, 0, 35, '2023-05-29 00:00:00', 'cargue.inicial', '2023-05-29 00:00:00', 'cargue.inicial'),(207, 112, 4, NULL, 0, 1, 0, 36, '2023-05-29 00:00:00', 'cargue.inicial', '2023-05-29 00:00:00', 'cargue.inicial'),(208, 113, 4, NULL, 0, 1, 0, 37, '2023-05-29 00:00:00', 'cargue.inicial', '2023-05-29 00:00:00', 'cargue.inicial'),(209, 41, 4, NULL, 1, 1, 0, 38, '2023-05-29 00:00:00', 'cargue.inicial', '2023-05-29 00:00:00', 'cargue.inicial'),(210, 118, 4, NULL, 1, 1, 0, 39, '2023-05-29 00:00:00', 'cargue.inicial', '2023-05-29 00:00:00', 'cargue.inicial'),(211, 124, 4, NULL, 1, 1, 0, 40, '2023-05-29 00:00:00', 'cargue.inicial', '2023-05-29 00:00:00', 'cargue.inicial'),(212, 117, 4, NULL, 1, 1, 0, 41, '2023-05-29 00:00:00', 'cargue.inicial', '2023-05-29 00:00:00', 'cargue.inicial'),(213, 116, 4, NULL, 0, 1, 0, 42, '2023-05-29 00:00:00', 'cargue.inicial', '2023-05-29 00:00:00', 'cargue.inicial'),(214, 115, 4, NULL, 1, 1, 0, 43, '2023-05-29 00:00:00', 'cargue.inicial', '2023-05-29 00:00:00', 'cargue.inicial'),(215, 114, 4, NULL, 0, 1, 0, 44, '2023-05-29 00:00:00', 'cargue.inicial', '2023-05-29 00:00:00', 'cargue.inicial'),(216, 119, 4, NULL, 1, 1, 0, 45, '2023-05-29 00:00:00', 'cargue.inicial', '2023-05-29 00:00:00', 'cargue.inicial'),(217, 120, 4, NULL, 0, 2, 0, 46, '2023-05-29 00:00:00', 'cargue.inicial', '2023-05-29 00:00:00', 'cargue.inicial'),(218, 121, 4, NULL, 0, 2, 0, 47, '2023-05-29 00:00:00', 'cargue.inicial', '2023-05-29 00:00:00', 'cargue.inicial'),(219, 122, 4, NULL, 0, 2, 0, 48, '2023-05-29 00:00:00', 'cargue.inicial', '2023-05-29 00:00:00', 'cargue.inicial');
--ContractualDocumentType
INSERT INTO `contractualdocumenttype` (`ID`, `NAME`, `DESCRIPTION`, `CREATETIME`, `CREATEUSER`, `UPDATETIME`, `UPDATEUSER`) VALUES(1, 'Solicitud de contratación PA-GA-5-FOR-38', NULL, '2023-05-28 00:00:00', 'cargue.inicial', '2023-05-28 00:00:00', 'cargue.inicial'),(2, 'Certificación de la División de Gestión del Talento Humano', 'Aplica para funcionamiento', '2023-05-28 00:00:00', 'cargue.inicial', '2023-05-28 00:00:00', 'cargue.inicial'),(3, 'Presupuesto del convenio o proyecto', 'solo para contratos enmarcados en proyectos o convenios', '2023-05-28 00:00:00', 'cargue.inicial', '2023-05-28 00:00:00', 'cargue.inicial'),(4, 'Vigencia de Contratos, Convenios, Proyectos PA-GA-5-FOR-2 ', 'solo para contratos enmarcados en proyectos o convenios', '2023-05-28 00:00:00', 'cargue.inicial', '2023-05-28 00:00:00', 'cargue.inicial'),(5, 'Mínimo una (1) cotización', 'Para cuantía menor o igual a 50 SMMLV', '2023-05-28 00:00:00', 'cargue.inicial', '2023-05-28 00:00:00', 'cargue.inicial'),(6, 'Mínimo tres (3) cotizaciones', 'Para cuantía mayor a 50 y hasta 100 SMMLV', '2023-05-28 00:00:00', 'cargue.inicial', '2023-05-28 00:00:00', 'cargue.inicial'),(7, 'Certificado de Disponibilidad Presupuestal', NULL, '2023-05-28 00:00:00', 'cargue.inicial', '2023-05-28 00:00:00', 'cargue.inicial'),(8, 'Invitación a cotizar a mínimo 3 proveedores', 'Aplica para contratos mayores a 50 y hasta 100 SMLMV', '2023-05-28 00:00:00', 'cargue.inicial', '2023-05-28 00:00:00', 'cargue.inicial'),(9, 'Acta de recepción de propuestas ', 'Aplica para contratos mayores de 50 hasta 100 SMLMV', '2023-05-28 00:00:00', 'cargue.inicial', '2023-05-28 00:00:00', 'cargue.inicial'),(10, 'Acta de apertura de propuestas', 'Aplica para contratos mayores de 50 hasta 100 SMLMV', '2023-05-28 00:00:00', 'cargue.inicial', '2023-05-28 00:00:00', 'cargue.inicial'),(11, 'Informe evaluación inicial de requisitos habilitantes (jurídico, financiero y técnico)', 'Aplica para contratos mayores de 50 hasta 100 SMLMV', '2023-05-28 00:00:00', 'cargue.inicial', '2023-05-28 00:00:00', 'cargue.inicial'),(12, 'Informe evaluación definitivo. ', 'Aplica para contratos mayores de 50 hasta 100 SMLMV', '2023-05-28 00:00:00', 'cargue.inicial', '2023-05-28 00:00:00', 'cargue.inicial'),(13, 'Resolución de Adjudicación o de declaración de desierta ', 'Aplica para contratos mayores de 50 hasta 100 SMLMV', '2023-05-28 00:00:00', 'cargue.inicial', '2023-05-28 00:00:00', 'cargue.inicial'),(14, 'Anexo carta de presentación de la oferta.', 'Aplica para contratos mayores de 50 hasta 100 SMLMV', '2023-05-28 00:00:00', 'cargue.inicial', '2023-05-28 00:00:00', 'cargue.inicial'),(15, 'Certificado de existencias y Representación Legal expedida por la cámara de comercio para persona jurídica.', NULL, '2023-05-28 00:00:00', 'cargue.inicial', '2023-05-28 00:00:00', 'cargue.inicial'),(16, 'Certificado de matrícula mercantil', 'Persona Natural si aplica', '2023-05-28 00:00:00', 'cargue.inicial', '2023-05-28 00:00:00', 'cargue.inicial'),(17, 'Hoja de vida SIGEP', 'soportes de estudio y experiencia', '2023-05-28 00:00:00', 'cargue.inicial', '2023-05-28 00:00:00', 'cargue.inicial'),(18, 'Documento de identidad persona natural o del representante legal', NULL, '2023-05-28 00:00:00', 'cargue.inicial', '2023-05-28 00:00:00', 'cargue.inicial'),(19, 'Matrícula profesional', 'Cuando aplique', '2023-05-28 00:00:00', 'cargue.inicial', '2023-05-28 00:00:00', 'cargue.inicial'),(20, 'Certificado médico previo ocupacional', NULL, '2023-05-28 00:00:00', 'cargue.inicial', '2023-05-28 00:00:00', 'cargue.inicial'),(21, 'Fotocopia del RUT', 'Registro Único Tributario', '2023-05-28 00:00:00', 'cargue.inicial', '2023-05-28 00:00:00', 'cargue.inicial'),(22, 'Certificación bancaria', NULL, '2023-05-28 00:00:00', 'cargue.inicial', '2023-05-28 00:00:00', 'cargue.inicial'),(23, 'Soporte de afiliación al Sistema de Seguridad Social', NULL, '2023-05-28 00:00:00', 'cargue.inicial', '2023-05-28 00:00:00', 'cargue.inicial'),(24, 'Certificado de Antecedentes Fiscales', NULL, '2023-05-28 00:00:00', 'cargue.inicial', '2023-05-28 00:00:00', 'cargue.inicial'),(25, 'Certificado de Antecedentes Judiciales', NULL, '2023-05-28 00:00:00', 'cargue.inicial', '2023-05-28 00:00:00', 'cargue.inicial'),(26, 'Certificado de Antecedentes Disciplinarios', NULL, '2023-05-28 00:00:00', 'cargue.inicial', '2023-05-28 00:00:00', 'cargue.inicial'),(27, 'Certificado de Medidas correctivas', NULL, '2023-05-28 00:00:00', 'cargue.inicial', '2023-05-28 00:00:00', 'cargue.inicial'),(28, 'Matriz de Riesgo', NULL, '2023-05-28 00:00:00', 'cargue.inicial', '2023-05-28 00:00:00', 'cargue.inicial'),(29, 'Experiencia especifica del proponente ', 'Aplica para contratos mayores de 50 hasta 100 SMLMV', '2023-05-28 00:00:00', 'cargue.inicial', '2023-05-28 00:00:00', 'cargue.inicial'),(30, 'Otros anexos de la oferta', NULL, '2023-05-28 00:00:00', 'cargue.inicial', '2023-05-28 00:00:00', 'cargue.inicial'),(31, 'Estados Financieros', 'Aplica para contratos mayores de 50 hasta 100 SMLMV', '2023-05-28 00:00:00', 'cargue.inicial', '2023-05-28 00:00:00', 'cargue.inicial'),(32, 'Fichas técnicas, permisos, autorizaciones, personal, capacidad operativa y demás requisitos de la invitación a cotizar.', 'Aplica para contratos mayores de 50 hasta 100 SMLMV', '2023-05-28 00:00:00', 'cargue.inicial', '2023-05-28 00:00:00', 'cargue.inicial'),(33, 'Propuesta económica', NULL, '2023-05-28 00:00:00', 'cargue.inicial', '2023-05-28 00:00:00', 'cargue.inicial'),(34, 'Contrato de prestación de servicios', NULL, '2023-05-28 00:00:00', 'cargue.inicial', '2023-05-28 00:00:00', 'cargue.inicial'),(35, 'Registro de disponibilidad presupuestal-RDP', NULL, '2023-05-28 00:00:00', 'cargue.inicial', '2023-05-28 00:00:00', 'cargue.inicial'),(36, 'Certificado de estampillas Universidad del Cauca 180 años', 'Aplica para contratos mayores de 50 hasta 100 SMLMV', '2023-05-28 00:00:00', 'cargue.inicial', '2023-05-28 00:00:00', 'cargue.inicial'),(37, 'Garantía Única - Póliza de cumplimiento', 'Cuando aplique', '2023-05-28 00:00:00', 'cargue.inicial', '2023-05-28 00:00:00', 'cargue.inicial'),(38, 'Aprobación de garantía de cumplimiento', 'Cuando aplique', '2023-05-28 00:00:00', 'cargue.inicial', '2023-05-28 00:00:00', 'cargue.inicial'),(39, 'Oficio de designación de Supervisión', NULL, '2023-05-28 00:00:00', 'cargue.inicial', '2023-05-28 00:00:00', 'cargue.inicial'),(40, 'Acta de Inicio Formato: Código: PA.GA-5-FOR -16', NULL, '2023-05-28 00:00:00', 'cargue.inicial', '2023-05-28 00:00:00', 'cargue.inicial'),(41, 'Certificados de pago PA-GA-FOR-24', NULL, '2023-05-28 00:00:00', 'cargue.inicial', '2023-05-28 00:00:00', 'cargue.inicial'),(42, 'Informe de actividades', NULL, '2023-05-28 00:00:00', 'cargue.inicial', '2023-05-28 00:00:00', 'cargue.inicial'),(43, 'Seguridad ', 'Planillas de aportes a seguridad social (persona Natural), certificado del representante legal o del revisor fiscal (persona jurídica)', '2023-05-28 00:00:00', 'cargue.inicial', '2023-05-28 00:00:00', 'cargue.inicial'),(44, 'Comprobantes de egreso', NULL, '2023-05-28 00:00:00', 'cargue.inicial', '2023-05-28 00:00:00', 'cargue.inicial'),(45, 'Formato evaluación proveedor', NULL, '2023-05-28 00:00:00', 'cargue.inicial', '2023-05-28 00:00:00', 'cargue.inicial'),(46, 'Solicitud otrosi', NULL, '2023-05-28 00:00:00', 'cargue.inicial', '2023-05-28 00:00:00', 'cargue.inicial'),(47, 'Justificación de conveniencia y oportunidad (otrosí)', NULL, '2023-05-28 00:00:00', 'cargue.inicial', '2023-05-28 00:00:00', 'cargue.inicial'),(48, 'CDP Otrosí ', 'Cuando aplique', '2023-05-28 00:00:00', 'cargue.inicial', '2023-05-28 00:00:00', 'cargue.inicial'),(49, 'Otrosí', NULL, '2023-05-28 00:00:00', 'cargue.inicial', '2023-05-28 00:00:00', 'cargue.inicial'),(50, 'RDP Otrosí ', 'Cuando aplique', '2023-05-28 00:00:00', 'cargue.inicial', '2023-05-28 00:00:00', 'cargue.inicial'),(51, 'Anexo ampliación póliza de cumplimiento', 'Cuando aplique', '2023-05-28 00:00:00', 'cargue.inicial', '2023-05-28 00:00:00', 'cargue.inicial'),(52, 'Aprobación ampliación póliza de cumplimiento ', 'Cuando aplique', '2023-05-28 00:00:00', 'cargue.inicial', '2023-05-28 00:00:00', 'cargue.inicial'),(53, 'Actas de suspensión y anexos', NULL, '2023-05-28 00:00:00', 'cargue.inicial', '2023-05-28 00:00:00', 'cargue.inicial'),(54, 'Actas de reinicio y anexos', NULL, '2023-05-28 00:00:00', 'cargue.inicial', '2023-05-28 00:00:00', 'cargue.inicial'),(55, 'Anexo ampliación póliza de cumplimiento', NULL, '2023-05-28 00:00:00', 'cargue.inicial', '2023-05-28 00:00:00', 'cargue.inicial'),(56, 'Aprobación ampliación póliza de cumplimiento', NULL, '2023-05-28 00:00:00', 'cargue.inicial', '2023-05-28 00:00:00', 'cargue.inicial'),(57, 'Acta de liquidación Formato: Código: PA.GA-5-FOR -37', NULL, '2023-05-28 00:00:00', 'cargue.inicial', '2023-05-28 00:00:00', 'cargue.inicial'),(58, 'Comprobante de egreso final', NULL, '2023-05-28 00:00:00', 'cargue.inicial', '2023-05-28 00:00:00', 'cargue.inicial'),(59, 'Solicitud de contratación directa PA-GA-5-FOR-39', NULL, '2023-05-28 00:00:00', 'cargue.inicial', '2023-05-28 00:00:00', 'cargue.inicial'),(60, 'Formato Solicitud de elementos PA-GA-5.4.5-FOR-4', 'Cuando aplique', '2023-05-28 00:00:00', 'cargue.inicial', '2023-05-28 00:00:50', 'cargue.inicial'),(61, 'Viabilidad técnica. Formato PA.GA-5-FOR-40 ', 'Para equipos', '2023-05-28 00:00:00', 'cargue.inicial', '2023-05-28 00:00:00', 'cargue.inicial'),(62, 'Una (1) cotización', 'Especificación de los elementos y/o servicios discriminando el valor del IVA y el valor total debidamente suscrita) (Aplica para contratos de suministro de 0 hasta 50 SMLMV', '2023-05-28 00:00:00', 'cargue.inicial', '2023-05-28 00:00:00', 'cargue.inicial'),(63, 'Mínimo tres (3) cotizaciones que incluyan especificación de los elementos y/o servicios\ndiscriminando el valor del IVA y el valor total debidamente suscrita ', 'Aplica para contratos de suministro mayores de 50 hasta 100 SMLMV', '2023-05-28 00:00:00', 'cargue.inicial', '2023-05-28 00:00:00', 'cargue.inicial'),(64, 'Certificado de matrícula mercantil', NULL, '2023-05-28 00:00:00', 'cargue.inicial', '2023-05-28 00:00:00', 'cargue.inicial'),(65, 'Soporte de cumplimiento al Sistema de Seguridad Social', NULL, '2023-05-28 00:00:00', 'cargue.inicial', '2023-05-28 00:00:00', 'cargue.inicial'),(66, 'Contrato de suministro', NULL, '2023-05-28 00:00:00', 'cargue.inicial', '2023-05-28 00:00:00', 'cargue.inicial'),(67, 'Documentos de anticipo', 'Cuando aplique', '2023-05-28 00:00:00', 'cargue.inicial', '2023-05-28 00:00:00', 'cargue.inicial'),(68, 'Actas de recibo a satisfacción (PA-GA-5-FOR-22 ) para bienes o informe de actividades realizadas para servicios.', NULL, '2023-05-28 00:00:00', 'cargue.inicial', '2023-05-28 00:00:00', 'cargue.inicial'),(69, 'Seguridad ', 'Seguridad social Persona natural: Presentar planilla de pago con sus respectivos comprobantes. \nSeguridad social persona jurídica: presentar una certificación (expedida por el Revisor Fiscal o Representante Legal, en la que se indique que se encuentran al', '2023-05-28 00:00:00', 'cargue.inicial', '2023-05-28 00:00:00', 'cargue.inicial'),(70, 'SUSPENSIÓN-REINICIO', NULL, '2023-05-28 00:00:00', 'cargue.inicial', '2023-05-28 00:00:00', 'cargue.inicial'),(72, 'Diseños de obra', 'Si aplica', '2023-05-28 00:00:00', 'cargue.inicial', '2023-05-28 00:00:00', 'cargue.inicial'),(73, 'Una (1) cotización (especificación de las obras discriminando el valor del AUI, debidamente suscrita) ', 'Aplica para contratos de OBRA de 0 hasta 50 SMLMV ', '2023-05-28 00:00:00', 'cargue.inicial', '2023-05-28 00:00:00', 'cargue.inicial'),(74, 'Mínimo tres (3) cotizaciones que incluyan especificaciones técnicas de las obras discriminando el valor del AUI,debidamente suscritas)', 'Aplica para contratos de obra mayores de 50 hasta 100 SMLMV', '2023-05-28 00:00:00', 'cargue.inicial', '2023-05-28 00:00:00', 'cargue.inicial'),(75, 'Presupuesto de obra (Incluye AUI Administración Utilidad e Imprevisto, e IVA)', 'Presupuesto de obra (Incluye AUI Administración Utilidad e Imprevisto, e IVA)', '2023-05-28 00:00:00', 'cargue.inicial', '2023-05-28 00:00:00', 'cargue.inicial'),(76, 'Análisis de precios Unitarios APU', NULL, '2023-05-28 00:00:00', 'cargue.inicial', '2023-05-28 00:00:00', 'cargue.inicial'),(77, 'Viabilidad técnica de obra PA-GA-5-FOR-42', NULL, '2023-05-28 00:00:00', 'cargue.inicial', '2023-05-28 00:00:00', 'cargue.inicial'),(78, 'Registro único de Proponentes (RUP)', NULL, '2023-05-28 00:00:00', 'cargue.inicial', '2023-05-28 00:00:00', 'cargue.inicial'),(79, 'Contrato de obra', NULL, '2023-05-28 00:00:00', 'cargue.inicial', '2023-05-28 00:00:00', 'cargue.inicial'),(81, 'Solicitud de Disponibilidad presupuestal ', 'Indicar con cargo a qué presupuesto, discriminando si es de funcionamiento o de inversión', '2023-05-28 00:00:00', 'cargue.inicial', '2023-05-28 00:00:00', 'cargue.inicial'),(82, 'Justificación de Conveniencia y Oportunidad ', 'Describir claramente la necesidad satisfacer. Explicar qué se pretende conseguir, cuál sería el resultado final de satisfacer la necesidad, hacer referencia de la importancia del contrato en el tiempo', '2023-05-28 00:00:00', 'cargue.inicial', '2023-05-28 00:00:00', 'cargue.inicial'),(83, 'Informe de estudios previos', 'Objeto del contrato, valor del presupuesto oficial,\r Aval presupuestal del director del proyecto o convenio (solo para contratos enmarcados en proyectos o convenios), plazo, forma de pago, anticipo justificado (compraventa no aplica) o pago anticipado, obl', '2023-05-28 00:00:00', 'cargue.inicial', '2023-05-28 00:00:00', 'cargue.inicial'),(84, 'Formato Solicitud de elementos PA-GA-5.4.5-FOR-5', NULL, '2023-05-28 00:00:00', 'cargue.inicial', '2023-05-28 00:00:00', 'cargue.inicial'),(85, 'Viabilidad técnica para adquisición de equipos Formato PA.GA-5-FOR-40', 'Si aplica', '2023-05-28 00:00:00', 'cargue.inicial', '2023-05-28 00:00:00', 'cargue.inicial'),(86, 'Estudio de Mercado ', 'Incluir Cotizaciones y el informe del método utilizado para obtener los precios', '2023-05-28 00:00:00', 'cargue.inicial', '2023-05-28 00:00:00', 'cargue.inicial'),(87, 'Presupuesto detallado', 'Incluir Cotizaciones y el informe del método utilizado para obtener los precios', '2023-05-28 00:00:00', 'cargue.inicial', '2023-05-28 00:00:00', 'cargue.inicial'),(88, 'Viabilidad Administrativa', NULL, '2023-05-28 00:00:00', 'cargue.inicial', '2023-05-28 00:00:00', 'cargue.inicial'),(89, 'Respuesta a observaciones al proyecto de Pliego de condiciones. ', 'Cuando aplique', '2023-05-28 00:00:00', 'cargue.inicial', '2023-05-28 00:00:00', 'cargue.inicial'),(90, 'Resolución de apertura', NULL, '2023-05-28 00:00:00', 'cargue.inicial', '2023-05-28 00:00:00', 'cargue.inicial'),(91, 'Pliego de condiciones definitivo y anexos', NULL, '2023-05-28 00:00:00', 'cargue.inicial', '2023-05-28 00:00:00', 'cargue.inicial'),(92, 'Acta de recepción de ofertas', NULL, '2023-05-28 00:00:00', 'cargue.inicial', '2023-05-28 00:00:00', 'cargue.inicial'),(93, 'Acta de apertura de ofertas', NULL, '2023-05-28 00:00:00', 'cargue.inicial', '2023-05-28 00:00:00', 'cargue.inicial'),(94, 'Informes de evaluación final ', 'Jurídico, Técnico y financiero', '2023-05-28 00:00:00', 'cargue.inicial', '2023-05-28 00:00:00', 'cargue.inicial'),(95, 'Acta de audiencia de adjudicación', NULL, '2023-05-28 00:00:00', 'cargue.inicial', '2023-05-28 00:00:00', 'cargue.inicial'),(96, 'Resolución de Adjudicación o de declaración de desierta', NULL, '2023-05-28 00:00:00', 'cargue.inicial', '2023-05-28 00:00:00', 'cargue.inicial'),(97, 'Oferta Ganadora', NULL, '2023-05-28 00:00:00', 'cargue.inicial', '2023-05-28 00:00:00', 'cargue.inicial'),(98, 'Contrato de suministro o compraventa', NULL, '2023-05-28 00:00:00', 'cargue.inicial', '2023-05-28 00:00:00', 'cargue.inicial'),(99, 'Póliza ', 'Suscrita por el contratista ', '2023-05-28 00:00:00', 'cargue.inicial', '2023-05-28 00:00:00', 'cargue.inicial'),(100, 'Aprobación de garantías', NULL, '2023-05-28 00:00:00', 'cargue.inicial', '2023-05-28 00:00:00', 'cargue.inicial'),(101, 'Oficio de designación supervisor', NULL, '2023-05-28 00:00:00', 'cargue.inicial', '2023-05-28 00:00:00', 'cargue.inicial'),(102, 'Estampilla “Universidad del Cauca 180 años”', 'APLICA PARA SUMINISTROS', '2023-05-28 00:00:00', 'cargue.inicial', '2023-05-28 00:00:00', 'cargue.inicial'),(104, 'Solicitud y justificación de OTROSI', NULL, '2023-05-28 00:00:00', 'cargue.inicial', '2023-05-28 00:00:00', 'cargue.inicial'),(105, 'Certificado de Disponibilidad presupuestal adicional ', 'si aplica', '2023-05-28 00:00:00', 'cargue.inicial', '2023-05-28 00:00:00', 'cargue.inicial'),(107, 'Registro presupuestal adicional', 'si aplica', '2023-05-28 00:00:00', 'cargue.inicial', '2023-05-28 00:00:00', 'cargue.inicial'),(108, 'Póliza ampliada o modificada', 'si aplica', '2023-05-28 00:00:00', 'cargue.inicial', '2023-05-28 00:00:00', 'cargue.inicial'),(109, 'aprobación de ampliación o modificación de garantía por OTROSI ', 'si aplica', '2023-05-28 00:00:00', 'cargue.inicial', '2023-05-28 00:00:00', 'cargue.inicial'),(110, 'Acta de suspensión Código PA-GA-5-FOR 3', 'si aplica', '2023-05-28 00:00:00', 'cargue.inicial', '2023-05-28 00:00:00', 'cargue.inicial'),(111, 'Acta de reinicio Código PA-GA-5-FOR 27 ', 'si aplica', '2023-05-28 00:00:00', 'cargue.inicial', '2023-05-28 00:00:00', 'cargue.inicial'),(112, 'Póliza modificada por suspensión y reinicio', NULL, '2023-05-28 00:00:00', 'cargue.inicial', '2023-05-28 00:00:00', 'cargue.inicial'),(113, 'Aprobación de ampliación o modificación de garantía por suspensión y reinicio', 'si aplica', '2023-05-28 00:00:00', 'cargue.inicial', '2023-05-28 00:00:00', 'cargue.inicial'),(114, 'Acta de recibo a satisfacción para cada pago', 'Aplica para compraventa', '2023-05-28 00:00:00', 'cargue.inicial', '2023-05-28 00:00:00', 'cargue.inicial'),(115, 'Factura solo para contratistas pertenecientes al régimen común', NULL, '2023-05-28 00:00:00', 'cargue.inicial', '2023-05-28 00:00:00', 'cargue.inicial'),(116, 'Acta de ingreso al área de adquisiciones e inventarios', 'solo aplica para bienes devolutivos', '2023-05-28 00:00:00', 'cargue.inicial', '2023-05-28 00:00:00', 'cargue.inicial'),(117, 'Seguridad social persona jurídica', 'presentar una certificación (expedida por el Revisor Fiscal o representante legal, de conformidad con la ley), en la que se indique que se encuentran al día en el pago de los aportes de sus empleados a los sistemas de salud, riesgos laborales, pensiones y', '2023-05-28 00:00:00', 'cargue.inicial', '2023-05-28 00:00:00', 'cargue.inicial'),(118, 'Informes de seguimiento por la supervisión PA-GA-5-FOR-46, con corte al periodo facturado.', NULL, '2023-05-28 00:00:00', 'cargue.inicial', '2023-05-28 00:00:00', 'cargue.inicial'),(119, 'Comprobante de egreso para cada pago y desembolso de anticipo', NULL, '2023-05-28 00:00:00', 'cargue.inicial', '2023-05-28 00:00:00', 'cargue.inicial'),(120, 'Acta de liquidación formato PA-GA-5-FOR-36', ' (Aplica para suministros) (Para compraventa cuando aplique)', '2023-05-28 00:00:00', 'cargue.inicial', '2023-05-28 00:00:00', 'cargue.inicial'),(121, 'Evaluación de proveedores formato PA-GA-5-FOR-39', NULL, '2023-05-28 00:00:00', 'cargue.inicial', '2023-05-28 00:00:00', 'cargue.inicial'),(122, 'Comprobante de egreso de pago final', NULL, '2023-05-28 00:00:00', 'cargue.inicial', '2023-05-28 00:00:00', 'cargue.inicial'),(124, 'Seguridad social persona natural', 'Presentar una certificación, en la que declare bajo la gravedad de juramento que ha cumplido con el pago de los aportes a los sistemas de Salud, Riesgos Laborales y Pensiones, planillas y comprobantes de pago.', '2023-05-28 00:00:00', 'cargue.inicial', '2023-05-28 00:00:00', 'cargue.inicial');
-- Internalnormative
INSERT INTO `internalnormative` (`ID`, `NAME`, `ISINFORCE`, `INITIALTIME`, `FINALTIME`, `CREATEUSER`, `CREATETIME`, `UPDATEUSER`, `UPDATETIME`) VALUES (1, 'InternalNormative1', 1, '2023-01-01 00:00:00', NULL, 'cargue.inicial', '2023-05-29 03:45:22', 'cargue.inicial', '2023-05-29 03:45:22');
-- ModalityContractType
INSERT INTO `modalitycontracttype` (`ID`, `MODALITYID`, `CONTRACTTYPEID`, `internalNormativeId`, `EXTERNALCODE`, `VERSION`, `ISDISABLED`, `CREATETIME`, `CREATEUSER`, `UPDATETIME`, `UPDATEUSER`) VALUES(1, 1, 1, 1, 'PA-GA-5-OD-1', 3, 0, '2023-05-28 00:00:00', 'cargue.inicial', '2023-05-28 00:00:00', 'cargue.inicial'),(2, 1, 2, 1, 'PA-GA-5-OD-3', 3, 0, '2023-05-28 00:00:00', 'cargue.inicial', '2023-05-28 00:00:00', 'cargue.inicial'),(3, 1, 3, 1, 'PA-GA-5-OD-8', 4, 0, '2023-05-28 00:00:00', 'cargue.inicial', '2023-05-28 00:00:00', 'cargue.inicial'),(4, 2, 4, 1, 'PA-GA-5-OD-14', 2, 0, '2023-05-28 00:00:00', 'cargue.inicial', '2023-05-28 00:00:00', 'cargue.inicial');


